rule_id,category,rule_name,rule_type,base_code,base_section,occupancy,sprinkler_condition,construction_type,operator,value,units,rule_description,applies_when,ai_check_method,hard_soft,verification_status,source_url,date_verified,notes,rule_status,scope_object,input_variable,secondary_input_variable,calculation_method,parameter_numeric,parameter_text,area_basis,rounding_method,output_variable,severity,professional_review_required,machine_testable,implementation_notes
IBC-R1-001,Occupancy,R-1 transient hotel classification,classification,2021 IBC,310.2,R-1,,,eq,R-1,classification,Transient hotels and motels are classified as Group R-1.,Use is primarily transient lodging.,Classify project/program use before other checks.,Hard,Starter verified,https://codes.iccsafe.org/content/IBC2021V2.0/chapter-3-occupancy-classificat...,2026-09-29,Primary occupancy assumption for the RNGD hotel prototype.,active,project,project_use,,classification_match,,R-1,,none,occupancy_classification,critical,True,True,Match parsed project use to R-1.
IBC-R1-002,Mixed Use,Small accessory assembly space classification,classification,2021 IBC,303.1.1 / 303.1.2,A/B/R-1,,,<,50 occupants or 750 sf,threshold,Small assembly rooms can be classified as Group B or as part of an accessory ...,"Lobby, breakfast, meeting, or similar accessory assembly spaces.",Calculate occupant load and area; determine whether separate Group A classifi...,Hard,Starter verified,https://codes.iccsafe.org/content/IBC2021V2.0/chapter-3-occupancy-classificat...,2026-09-29,Useful for hotel public/meeting spaces.,needs_review,space,space_occupant_load,space_area_sf,conditional_classification,50,750 sf,,none,assembly_classification_flag,warning,True,False,Requires two-condition logic and AEC review.
IBC-R1-003,Fire Protection,Automatic sprinkler required for Group R,requirement,2021 IBC,903.2.8,R-1,NFPA 13 assumed,,requires,Automatic sprinkler system,system,Group R fire areas require automatic sprinkler protection throughout in accor...,New Group R-1 hotel.,Boolean check: sprinkler system provided throughout.,Hard,Starter verified,https://codes.iccsafe.org/content/IBC2021V2.0/chapter-9-fire-protection-and-l...,2026-09-29,Prototype assumption: fully sprinklered.,active,building,sprinkler_system_status,,boolean_required,,Automatic sprinkler system,,none,sprinkler_compliance,critical,True,True,Boolean full-sprinkler check.
IBC-R1-004,Height / Stories,"Allowable height and stories depend on occupancy, construction type, and spri...",lookup,2021 IBC,504.1,R-1,NFPA 13,Type II TBD,lookup,Table 504.3 / 504.4,lookup,Building height and number of stories are determined by occupancy classificat...,Always.,Lookup prototype variables against Chapter 5 tables.,Hard,Starter verified,https://codes.iccsafe.org/content/IBC2021V2.0/chapter-5-general-building-heig...,2026-09-29,Prototype is fixed at five stories; construction subtype remains to be confir...,active,building,occupancy_classification,construction_type,table_lookup,,Tables 504.3 / 504.4,,none,allowable_height_story_set,critical,True,False,Parent lookup rule; specific rows below are executable.
IBC-R1-005,Height / Stories,R occupancy sprinklered Type IIA allowable height,numeric_threshold,2021 IBC,Table 504.3,R,NFPA 13,IIA,<=,85,ft,"For Group R with NFPA 13 sprinklers, Type IIA allowable building height is 85...",Group R; NFPA 13; Type IIA.,Compare proposed building height to 85 ft.,Hard,Starter verified,https://codes.iccsafe.org/content/IBC2021V2.0/chapter-5-general-building-heig...,2026-09-29,Keep until RNGD confirms IIA vs IIB.,active,building,building_height_ft,,compare_max,85,,,none,height_compliance,critical,True,True,Type IIA height threshold.
IBC-R1-006,Height / Stories,R occupancy sprinklered Type IIB allowable height,numeric_threshold,2021 IBC,Table 504.3,R,NFPA 13,IIB,<=,75,ft,"For Group R with NFPA 13 sprinklers, Type IIB allowable building height is 75...",Group R; NFPA 13; Type IIB.,Compare proposed building height to 75 ft.,Hard,Starter verified,https://codes.iccsafe.org/content/IBC2021V2.0/chapter-5-general-building-heig...,2026-09-29,Keep until RNGD confirms IIA vs IIB.,active,building,building_height_ft,,compare_max,75,,,none,height_compliance,critical,True,True,Type IIB height threshold.
IBC-R1-007,Height / Stories,R-1 sprinklered Type IIA allowable stories,numeric_threshold,2021 IBC,Table 504.4,R-1,NFPA 13,IIA,<=,5,stories above grade plane,"For Group R-1 with NFPA 13 sprinklers, Type IIA is limited to 5 stories above...",R-1; NFPA 13; Type IIA.,Compare proposed story count to 5.,Hard,Starter verified,https://codes.iccsafe.org/content/IBC2021V2.0/chapter-5-general-building-heig...,2026-09-29,Directly matches the current five-story prototype assumption.,active,building,story_count_above_grade,,compare_max,5,,,none,story_compliance,critical,True,True,Five-story Type IIA R-1 limit.
IBC-R1-008,Height / Stories,R-1 sprinklered Type IIB allowable stories,numeric_threshold,2021 IBC,Table 504.4,R-1,NFPA 13,IIB,<=,5,stories above grade plane,"For Group R-1 with NFPA 13 sprinklers, Type IIB is limited to 5 stories above...",R-1; NFPA 13; Type IIB.,Compare proposed story count to 5.,Hard,Starter verified,https://codes.iccsafe.org/content/IBC2021V2.0/chapter-5-general-building-heig...,2026-09-29,Directly matches the current five-story prototype assumption.,active,building,story_count_above_grade,,compare_max,5,,,none,story_compliance,critical,True,True,Five-story Type IIB R-1 limit.
IBC-R1-010,Area,"R-1 Type IIA allowable area factor, multistory sprinklered",numeric_threshold,2021 IBC,Table 506.2,R-1,NFPA 13,IIA,<=,72000,sf per story base factor,"For a multistory sprinklered R-1 building, the Type IIA tabular allowable are...",R-1; Type IIA; multistory; NFPA 13.,Compare calculated allowable-area method to proposed floor area.,Hard,Starter verified,https://codes.iccsafe.org/content/IBC2021V2.0/chapter-5-general-building-heig...,2026-09-29,Tabular base factor; not a complete final allowable-area calculation.,active,story,floor_area_sf,,compare_max,72000,,gross,none,allowable_area_screen,critical,True,True,Base table factor only; frontage/mixed-use logic remains separate.
IBC-R1-011,Area,"R-1 Type IIB allowable area factor, multistory sprinklered",numeric_threshold,2021 IBC,Table 506.2,R-1,NFPA 13,IIB,<=,48000,sf per story base factor,"For a multistory sprinklered R-1 building, the Type IIB tabular allowable are...",R-1; Type IIB; multistory; NFPA 13.,Compare calculated allowable-area method to proposed floor area.,Hard,Starter verified,https://codes.iccsafe.org/content/IBC2021V2.0/chapter-5-general-building-heig...,2026-09-29,Tabular base factor; not a complete final allowable-area calculation.,active,story,floor_area_sf,,compare_max,48000,,gross,none,allowable_area_screen,critical,True,True,Base table factor only; frontage/mixed-use logic remains separate.
IBC-R1-012,High-Rise Screen,High-rise threshold screen,numeric_threshold,2021 IBC,Section 202 / 403,All,,,>,75,ft to occupied floor,High-rise provisions are triggered when an occupied floor is located more tha...,Any project near the threshold.,Calculate elevation of highest occupied floor relative to lowest fire-departm...,Hard,Starter verified,https://codes.iccsafe.org/content/IBC2021V2.0/chapter-4-special-detailed-requ...,2026-09-29,Useful screening rule even though the current prototype is only five stories.,active,building,highest_occupied_floor_elevation_ft,fire_department_access_elevation_ft,difference_compare_max,75,,,none,high_rise_flag,critical,True,True,Compute elevation difference then compare.
IBC-R1-013,Egress,R-1 single-exit space maximum occupant load,numeric_threshold,2021 IBC,Table 1006.2.1,R-1,Sprinklered,,<=,10,occupants,A Group R-1 space can use one exit/exit-access doorway only within the table ...,Sprinklered R-1 space relying on one exit/exit-access doorway.,Calculate occupant load and compare to 10.,Hard,Starter verified,https://codes.iccsafe.org/content/IBC2021V2.0/chapter-10-means-of-egress,2026-09-29,Also subject to common-path limit.,active,space,space_occupant_load,,compare_max,10,,,none,single_exit_space_ol_compliance,critical,True,True,Applies when one exit/exit-access doorway is proposed.
IBC-R1-014,Egress,R-1 single-exit common path maximum,numeric_threshold,2021 IBC,Table 1006.2.1,R-1,Sprinklered,,<=,75,ft,"For sprinklered Group R-1 spaces using one exit/exit-access doorway, common p...",Sprinklered R-1 space relying on one exit/exit-access doorway.,Measure common path from most remote point to divergence.,Hard,Starter verified,https://codes.iccsafe.org/content/IBC2021V2.0/chapter-10-means-of-egress,2026-09-29,High-value early floor-plan constraint.,active,space,common_path_ft,,compare_max,75,,,none,common_path_compliance,critical,True,True,Measure actual common path.
IBC-R1-015,Egress,Minimum exits per story: 1-500 occupants,numeric_threshold,2021 IBC,Table 1006.3.3,All,,,eq,2,exits/access to exits,Stories with an occupant load from 1 through 500 generally require at least 2...,Story occupant load 1-500; subject to exceptions.,"Calculate story occupant load, then set minimum exits.",Hard,Starter verified,https://codes.iccsafe.org/content/IBC2021V2.0/chapter-10-means-of-egress,2026-09-29,,active,story,story_occupant_load,provided_exit_count,minimum_required_by_range,500,2 exits,,none,minimum_exit_count,critical,True,True,"OL 1-500 -> 2 exits, subject to exceptions."
IBC-R1-016,Egress,Minimum exits per story: 501-1000 occupants,numeric_threshold,2021 IBC,Table 1006.3.3,All,,,eq,3,exits/access to exits,"Stories with an occupant load from 501 through 1,000 generally require at lea...",Story occupant load 501-1000.,"Calculate story occupant load, then set minimum exits.",Hard,Starter verified,https://codes.iccsafe.org/content/IBC2021V2.0/chapter-10-means-of-egress,2026-09-29,,active,story,story_occupant_load,provided_exit_count,minimum_required_by_range,1000,3 exits,,none,minimum_exit_count,critical,True,True,OL 501-1000 -> 3 exits.
IBC-R1-017,Egress,Minimum exits per story: over 1000 occupants,numeric_threshold,2021 IBC,Table 1006.3.3,All,,,eq,4,exits/access to exits,"Stories with an occupant load greater than 1,000 generally require at least 4...",Story occupant load >1000.,"Calculate story occupant load, then set minimum exits.",Hard,Starter verified,https://codes.iccsafe.org/content/IBC2021V2.0/chapter-10-means-of-egress,2026-09-29,,active,story,story_occupant_load,provided_exit_count,minimum_required_by_range,1001,4 exits,,none,minimum_exit_count,critical,True,True,OL >1000 -> 4 exits.
IBC-R1-018,Egress,Exit separation in sprinklered building,formula,2021 IBC,1007.1.1,All,Sprinklered,,>=,1/3 of maximum overall diagonal,ratio,Where two exits or exit-access doorways are required in a sprinklered buildin...,Two exits/exit-access doorways required; sprinklered building.,Compute max overall diagonal x 1/3 and compare exit separation.,Hard,Starter verified,https://codes.iccsafe.org/content/IBC2021V2.0/chapter-10-means-of-egress,2026-09-29,,active,space,exit_separation_ft,maximum_overall_diagonal_ft,ratio_compare_min,0.333333,1/3 diagonal,,none,exit_separation_compliance,critical,True,True,Required separation = max diagonal x 1/3.
IBC-R1-019,Egress,Stair minimum width,numeric_threshold,2021 IBC,1011.2,All,,,>=,44,in,Required stairways are generally at least 44 inches wide.,Required stairway; occupant load 50 or more.,Compare stair clear width and egress capacity.,Hard,Starter verified,https://codes.iccsafe.org/content/IBC2021V2.0/chapter-10-means-of-egress,2026-09-29,Exception permits 36 inches for stairways serving occupant load under 50.,active,stair,stair_clear_width_in,stair_occupant_load,compare_min,44,,,none,stair_width_compliance,critical,True,True,Default stair-width screen.
IBC-R1-020,Egress,Stair minimum width for occupant load under 50,numeric_threshold,2021 IBC,1011.2 Exception 1,All,,,>=,36,in,Stairways serving an occupant load less than 50 may be at least 36 inches wide.,Stair occupant load <50.,"If occupant load <50, compare clear width to 36 in.",Hard,Starter verified,https://codes.iccsafe.org/content/IBC2021V2.0/chapter-10-means-of-egress,2026-09-29,,active,stair,stair_clear_width_in,stair_occupant_load,conditional_compare_min,36,occupant load < 50,,none,stair_width_compliance,critical,True,True,Conditional under-50 rule.
IBC-R1-021,Egress,Stair maximum riser height,numeric_threshold,2021 IBC,1011.5.2,All,,,<=,7,in,Typical egress stair riser height is limited to 7 inches maximum.,Standard egress stair; exceptions may apply.,Compare proposed riser to 7 in.,Hard,Starter - verify before final,https://codes.iccsafe.org/content/IBC2021V2.0/chapter-10-means-of-egress,2026-09-29,,needs_review,stair,riser_height_in,,compare_max,7,,,none,riser_compliance,critical,True,True,Verify final source/exceptions before production use.
IBC-R1-022,Egress,Stair minimum tread depth,numeric_threshold,2021 IBC,1011.5.2,All,,,>=,11,in,Typical rectangular egress stair tread depth is 11 inches minimum.,Standard egress stair; exceptions may apply.,Compare proposed tread depth to 11 in.,Hard,Starter - verify before final,https://codes.iccsafe.org/content/IBC2021V2.0/chapter-10-means-of-egress,2026-09-29,,needs_review,stair,tread_depth_in,,compare_min,11,,,none,tread_compliance,critical,True,True,Verify final source/exceptions before production use.
IBC-R1-023,Egress,"R exit access travel distance, sprinklered",numeric_threshold,2021 IBC,Table 1017.2,R,Sprinklered,,<=,250,ft,"For Group R in a sprinklered building, exit access travel distance is general...",Group R; sprinklered; subject to listed modifications.,Measure actual path from most remote point to an exit.,Hard,Starter verified,https://codes.iccsafe.org/content/IBC2021V2.0/chapter-10-means-of-egress,2026-09-29,,active,egress_path,exit_access_travel_distance_ft,,compare_max,250,,,none,travel_distance_compliance,critical,True,True,Sprinklered Group R travel-distance screen.
IBC-R1-024,Corridors,R corridor fire-resistance rating,numeric_threshold,2021 IBC,Table 1020.2,R,NFPA 13,,eq,0.5,hour,A sprinklered Group R corridor serving an occupant load greater than 10 gener...,Group R corridor; occupant load served >10; sprinklered.,Set corridor rating based on occupancy/load/sprinkler condition.,Hard,Starter verified,https://codes.iccsafe.org/content/IBC2021V2.0/chapter-10-means-of-egress,2026-09-29,,active,corridor,corridor_fire_rating_hr,corridor_occupant_load,conditional_compare_min,0.5,occupant load > 10,,none,corridor_rating_compliance,critical,True,True,Conditional Group R corridor rating.
IBC-R1-025,Corridors,Default minimum corridor width,numeric_threshold,2021 IBC,Table 1020.3,All,,,>=,44,in,Corridors not otherwise listed in the table are generally at least 44 inches wide.,Typical hotel corridor unless another condition is more restrictive.,Compare corridor clear width to 44 in and capacity requirement.,Hard,Starter verified,https://codes.iccsafe.org/content/IBC2021V2.0/chapter-10-means-of-egress,2026-09-29,"Hotel planning may intentionally use wider corridors; that belongs in the planning-rule database, not the IBC database.",active,corridor,corridor_clear_width_in,,compare_min,44,,,none,corridor_width_compliance,critical,True,True,Default corridor width.
IBC-R1-026,Corridors,Minimum corridor width when occupant load is under 50,numeric_threshold,2021 IBC,Table 1020.3,All,,,>=,36,in,A corridor serving an occupant load less than 50 may be 36 inches minimum where no more restrictive provision applies.,Occupant load served <50 and no other table condition controls.,Calculate corridor occupant load then compare width.,Hard,Starter verified,https://codes.iccsafe.org/content/IBC2021V2.0/chapter-10-means-of-egress,2026-09-29,,active,corridor,corridor_clear_width_in,corridor_occupant_load,conditional_compare_min,36,occupant load < 50,,none,corridor_width_compliance,critical,True,True,Conditional narrow-corridor rule.
IBC-R1-027,Corridors,Dead-end corridor maximum for sprinklered R-1,numeric_threshold,2021 IBC,1020.5 Exception 2,R-1,NFPA 13,,<=,50,ft,"In a fully sprinklered Group R-1 building, dead-end corridors are generally limited to 50 feet.",More than one exit required; R-1; NFPA 13.,Measure dead-end corridor length to decision point.,Hard,Starter verified,https://codes.iccsafe.org/content/IBC2021V2.0/chapter-10-means-of-egress,2026-09-29,,active,corridor,dead_end_length_ft,,compare_max,50,,,none,dead_end_compliance,critical,True,True,Sprinklered R-1 dead-end limit.
IBC-R1-028,Doors,Minimum clear width of required egress door opening,numeric_threshold,2021 IBC,1010.1.1,All,,,>=,32,in clear,Required egress door openings generally provide at least 32 inches of clear width.,Required means-of-egress door; exceptions may apply.,Compare clear opening to 32 in.,Hard,Starter - verify before final,https://codes.iccsafe.org/content/IBC2021V2.0/chapter-10-means-of-egress,2026-09-29,,needs_review,door,door_clear_width_in,,compare_min,32,,,none,door_width_compliance,critical,True,True,Verify exceptions before production use.
IBC-R1-029,Egress,Minimum means-of-egress ceiling height,numeric_threshold,2021 IBC,1003.2,All,,,>=,7.5,ft,Means of egress generally has a minimum ceiling height of 7 feet 6 inches.,Means-of-egress path; listed exceptions may apply.,Compare clear ceiling height along egress path to 7.5 ft.,Hard,Starter - verify before final,https://codes.iccsafe.org/content/IBC2021V2.0/chapter-10-means-of-egress,2026-09-29,,needs_review,egress_path,egress_ceiling_height_ft,,compare_min,7.5,,,none,egress_height_compliance,critical,True,True,Verify listed exceptions before production use.
IBC-OL-001,Occupant Load,Area-based occupant load calculation,formula,2021 IBC,1004.5,All,,,formula,Area ÷ factor,occupants,"For areas without fixed seating, occupant load is determined by dividing the applicable floor area by the occupant-load factor for the function of the space.",Area without fixed seating with a listed Table 1004.5 function.,Divide applicable floor area by factor and round up to the next whole occupant.,Hard,Verified against 2021 IBC Section 1004/Table 1004.5,https://codes.iccsafe.org/content/IBC2021V2.0/chapter-10-means-of-egress,2026-09-29,Space-function mapping must be established first.,active,space,applicable_area_sf,occupant_load_factor_sf_per_person,divide_round_up,,Table 1004.5,gross_or_net_by_factor,ceiling,calculated_occupant_load,critical,True,True,Core formula consumed by factor rows.
IBC-OL-002,Occupant Load,Assembly without fixed seats - concentrated,occupant_load_factor,2021 IBC,Table 1004.5,Assembly,,,divide_round_up,7,sf/person net,Concentrated assembly without fixed seats uses 7 net square feet per occupant.,Chairs-only or similarly concentrated assembly arrangement.,Divide net area by 7 and round up.,Hard,Verified against 2021 IBC Table 1004.5,https://codes.iccsafe.org/content/IBC2021V2.0/chapter-10-means-of-egress,2026-09-29,Use only when actual layout/function is concentrated assembly.,active,space,net_area_sf,,divide_round_up,7,assembly_concentrated,net,ceiling,calculated_occupant_load,critical,True,True,Candidate for ballroom/meeting chairs-only layouts.
IBC-OL-003,Occupant Load,Assembly without fixed seats - standing,occupant_load_factor,2021 IBC,Table 1004.5,Assembly,,,divide_round_up,5,sf/person net,Standing assembly space uses 5 net square feet per occupant.,Standing-room or queuing-style assembly use.,Divide net area by 5 and round up.,Hard,Verified against 2021 IBC Table 1004.5,https://codes.iccsafe.org/content/IBC2021V2.0/chapter-10-means-of-egress,2026-09-29,Apply only to actual standing-use layout.,active,space,net_area_sf,,divide_round_up,5,assembly_standing,net,ceiling,calculated_occupant_load,critical,True,True,Useful for standing-event conditions.
IBC-OL-004,Occupant Load,Assembly without fixed seats - unconcentrated,occupant_load_factor,2021 IBC,Table 1004.5,Assembly,,,divide_round_up,15,sf/person net,Unconcentrated assembly with tables and chairs uses 15 net square feet per occupant.,"Dining, meeting, lounge, or similar table/chair arrangement.",Divide net area by 15 and round up.,Hard,Verified against 2021 IBC Table 1004.5,https://codes.iccsafe.org/content/IBC2021V2.0/chapter-10-means-of-egress,2026-09-29,Lobby/lounge mapping remains provisional until actual use/furniture is known.,active,space,net_area_sf,,divide_round_up,15,assembly_unconcentrated,net,ceiling,calculated_occupant_load,critical,True,True,High-value hotel public-space factor.
IBC-OL-005,Occupant Load,Business areas,occupant_load_factor,2021 IBC,Table 1004.5,Business,,,divide_round_up,150,sf/person gross,Business areas use 150 gross square feet per occupant.,"Office, administrative, or similar business area.",Divide gross area by 150 and round up.,Hard,Verified against 2021 IBC Table 1004.5,https://codes.iccsafe.org/content/IBC2021V2.0/chapter-10-means-of-egress,2026-09-29,,active,space,gross_area_sf,,divide_round_up,150,business,gross,ceiling,calculated_occupant_load,critical,True,True,Useful for admin/management BOH.
IBC-OL-006,Occupant Load,Exercise rooms,occupant_load_factor,2021 IBC,Table 1004.5,Assembly/Accessory,,,divide_round_up,50,sf/person gross,Exercise rooms use 50 gross square feet per occupant.,Hotel gym or fitness room.,Divide gross area by 50 and round up.,Hard,Verified against 2021 IBC Table 1004.5,https://codes.iccsafe.org/content/IBC2021V2.0/chapter-10-means-of-egress,2026-09-29,,active,space,gross_area_sf,,divide_round_up,50,exercise_room,gross,ceiling,calculated_occupant_load,critical,True,True,Direct hotel mapping.
IBC-OL-007,Occupant Load,"Kitchens, commercial",occupant_load_factor,2021 IBC,Table 1004.5,Accessory,,,divide_round_up,200,sf/person gross,Commercial kitchens use 200 gross square feet per occupant.,Commercial hotel kitchen or food-prep area.,Divide gross area by 200 and round up.,Hard,Verified against 2021 IBC Table 1004.5,https://codes.iccsafe.org/content/IBC2021V2.0/chapter-10-means-of-egress,2026-09-29,Pantry-only portions may need separate judgment.,active,space,gross_area_sf,,divide_round_up,200,commercial_kitchen,gross,ceiling,calculated_occupant_load,critical,True,True,Direct hotel kitchen mapping.
IBC-OL-008,Occupant Load,Accessory storage / mechanical equipment room,occupant_load_factor,2021 IBC,Table 1004.5,Accessory,,,divide_round_up,300,sf/person gross,Accessory storage areas and mechanical equipment rooms use 300 gross square feet per occupant.,"MEP service, storage, supplies, janitor, and similar accessory areas as appropriate.",Divide gross area by 300 and round up.,Hard,Verified against 2021 IBC Table 1004.5,https://codes.iccsafe.org/content/IBC2021V2.0/chapter-10-means-of-egress,2026-09-29,Specific room use should be confirmed before mapping.,active,space,gross_area_sf,,divide_round_up,300,accessory_storage_mechanical,gross,ceiling,calculated_occupant_load,critical,True,True,High-value support-space factor.
IBC-OL-009,Occupant Load,Mercantile,occupant_load_factor,2021 IBC,Table 1004.5,Mercantile,,,divide_round_up,60,sf/person gross,Mercantile areas use 60 gross square feet per occupant.,Retail/sales area.,Divide gross area by 60 and round up.,Hard,Verified against 2021 IBC Table 1004.5,https://codes.iccsafe.org/content/IBC2021V2.0/chapter-10-means-of-egress,2026-09-29,,active,space,gross_area_sf,,divide_round_up,60,mercantile,gross,ceiling,calculated_occupant_load,critical,True,True,Direct white-box retail mapping when occupied as retail.
IBC-OL-010,Occupant Load,Mercantile storage / stock / shipping,occupant_load_factor,2021 IBC,Table 1004.5,Mercantile,,,divide_round_up,300,sf/person gross,"Mercantile storage, stock, and shipping areas use 300 gross square feet per occupant.",Retail stock/support area.,Divide gross area by 300 and round up.,Hard,Verified against 2021 IBC Table 1004.5,https://codes.iccsafe.org/content/IBC2021V2.0/chapter-10-means-of-egress,2026-09-29,,active,space,gross_area_sf,,divide_round_up,300,mercantile_storage,gross,ceiling,calculated_occupant_load,critical,True,True,"Use for retail support, not sales floor."
IBC-OL-011,Occupant Load,Parking garages,occupant_load_factor,2021 IBC,Table 1004.5,Parking,,,divide_round_up,200,sf/person gross,Parking garages use 200 gross square feet per occupant.,Structured parking or garage area.,Divide gross area by 200 and round up.,Hard,Verified against 2021 IBC Table 1004.5,https://codes.iccsafe.org/content/IBC2021V2.0/chapter-10-means-of-egress,2026-09-29,,active,space,gross_area_sf,,divide_round_up,200,parking_garage,gross,ceiling,calculated_occupant_load,critical,True,True,Only if prototype includes structured parking.
IBC-OL-012,Occupant Load,Residential,occupant_load_factor,2021 IBC,Table 1004.5,Residential,,,divide_round_up,200,sf/person gross,Residential areas use 200 gross square feet per occupant.,Hotel guestroom/lodging areas when mapped to the residential Table 1004.5 function.,Divide gross area by 200 and round up.,Hard,Verified against 2021 IBC Table 1004.5,https://codes.iccsafe.org/content/IBC2021V2.0/chapter-10-means-of-egress,2026-09-29,Project may separately track keys and room types.,active,space,gross_area_sf,,divide_round_up,200,residential,gross,ceiling,calculated_occupant_load,critical,True,True,Primary area-based lodging factor.
IBC-OL-013,Occupant Load,Pool / rink area,occupant_load_factor,2021 IBC,Table 1004.5,Assembly/Recreation,,,divide_round_up,50,sf/person gross,Rink and pool areas use 50 gross square feet per occupant.,Hotel pool area if included.,Divide gross area by 50 and round up.,Hard,Verified against 2021 IBC Table 1004.5,https://codes.iccsafe.org/content/IBC2021V2.0/chapter-10-means-of-egress,2026-09-29,,active,space,gross_area_sf,,divide_round_up,50,pool_rink,gross,ceiling,calculated_occupant_load,critical,True,True,Optional hotel amenity factor.
IBC-OL-014,Occupant Load,Pool / rink decks,occupant_load_factor,2021 IBC,Table 1004.5,Assembly/Recreation,,,divide_round_up,15,sf/person gross,Pool and rink decks use 15 gross square feet per occupant.,Hotel pool deck if included.,Divide gross area by 15 and round up.,Hard,Verified against 2021 IBC Table 1004.5,https://codes.iccsafe.org/content/IBC2021V2.0/chapter-10-means-of-egress,2026-09-29,,active,space,gross_area_sf,,divide_round_up,15,pool_deck,gross,ceiling,calculated_occupant_load,critical,True,True,Optional hotel amenity factor.
